ID,Name,Age,Address,City,State,Email
12,Carlos Johnson,34,123 Birch Street,Atlanta,GA,carlosjohnson@example.com
13,Emily Martinez,26,456 Maple Ave,Dallas,TX,emilymartinez@example.com
14,Kevin Brown,45,789 Oak Road,Seattle,WA,kevinbrown@example.com
15,Rachel Davis,32,123 Pine Street,Boston,MA,racheldavis@example.com
16,Lucas Miller,29,456 Cherry Lane,Denver,CO,lucasmiller@example.com
17,Emma Wilson,37,789 Birch Park,Philadelphia,PA,emmawilson@example.com
18,Oliver Moore,41,123 Maple Court,San Diego,CA,olivermoore@example.com
19,Sophia Taylor,25,456 Elm Drive,Phoenix,AZ,sophiataylor@example.com
20,Liam Anderson,38,789 Cedar Blvd,San Antonio,TX,liamanderson@example.com
21,Zoe Thomas,30,123 Oak Avenue,Las Vegas,NV,zoethomas@example.com
